{
  "users": [
    {
      "id": 1,
      "firstName": "John",
      "lastName": "Doe",
      "username": "johndoe",
      "password": "123"
    }
  ],
  "todos": [
    {
      "id": 1,
      "userId": 1,
      "title": "T1",
      "priority": 1,
      "completed": false
    },
    {
      "id": 2,
      "userId": 1,
      "title": "T2",
      "priority": 2,
      "completed": false
    },
    {
      "id": 3,
      "userId": 1,
      "title": "T3",
      "priority": 3,
      "completed": false
    }
  ]
}